step,train_loss,test_loss,train_acc,test_acc,train_margin,test_margin,grad_norm
1,4.699061870574951,4.716264247894287,0.01245065312832594,0.009156310930848122,-1.200143814086914,-1.216422438621521,0.7925350069999695
100,2.9259042739868164,5.396783351898193,0.4552080035209656,0.0013080444186925888,-0.11871080100536346,-2.7209622859954834,1.9454624652862549
200,0.5337247848510742,5.197620868682861,1.0,0.040549375116825104,2.7232701778411865,-3.1870741844177246,2.92192006111145
300,0.0455227829515934,5.27283239364624,1.0,0.09892085939645767,5.220670700073242,-3.6435062885284424,0.22122108936309814
400,0.008587772026658058,5.415798664093018,1.0,0.134565070271492,6.85980224609375,-3.9444172382354736,0.009720112197101116
500,0.002602314343675971,5.543621063232422,1.0,0.15320470929145813,8.048480987548828,-4.1435065269470215,0.003177014412358403
600,0.000870566233061254,5.677588939666748,1.0,0.16775669157505035,9.145931243896484,-4.315901279449463,0.0011314417934045196
700,0.00030196792795322835,5.821068286895752,1.0,0.1818181723356247,10.210505485534668,-4.477602958679199,0.0004147024010308087
800,0.027912812307476997,6.405132293701172,0.9975705742835999,0.12361019849777222,6.522491455078125,-5.221642017364502,0.22127287089824677
900,7.776635902700946e-05,6.266550064086914,1.0,0.1881948858499527,11.375960350036621,-4.988268852233887,0.00031506369123235345
1000,4.152873589191586e-05,6.348816871643066,1.0,0.19587965309619904,12.032764434814453,-5.064397811889648,9.866043546935543e-05
1100,2.0772589778061956e-05,6.507019996643066,1.0,0.19931326806545258,12.725110054016113,-5.225351333618164,4.018515392090194e-05
1200,9.341465556644835e-06,6.729349136352539,1.0,0.2007848173379898,13.505133628845215,-5.452818393707275,1.6615262211416848e-05
1300,3.915835350198904e-06,6.989963054656982,1.0,0.20209285616874695,14.348166465759277,-5.717133045196533,6.837351975264028e-06
1400,1.6010171748348512e-06,7.263558864593506,1.0,0.20372791588306427,15.20941162109375,-5.990255355834961,2.908268925239099e-06
1500,6.593978127966693e-07,7.526772975921631,1.0,0.20585349202156067,16.042110443115234,-6.248043537139893,1.3170217698643683e-06
1600,2.812803359120153e-07,7.739932060241699,1.0,0.20618049800395966,16.77018928527832,-6.450345039367676,6.002650252412423e-07
1700,1.3401540854829364e-07,7.874659538269043,1.0,0.2071615308523178,17.33043098449707,-6.5711188316345215,3.197253590769833e-07
1800,7.884536756819216e-08,7.9709930419921875,1.0,0.2069980353116989,17.755470275878906,-6.658082962036133,8.847126196087629e-07
1900,3.945888593648306e-08,7.996370315551758,1.0,0.207488551735878,17.97594451904297,-6.671573162078857,1.8544659496910754e-06
2000,4.774887329972444e-08,7.964517593383789,1.0,0.21010462939739227,18.035390853881836,-6.6278228759765625,3.557519448804669e-06
2100,3.833666184505091e-08,7.942495346069336,1.0,0.21206669509410858,18.09987449645996,-6.597075939178467,2.8991969429625897e-06
2200,4.966751632196065e-08,7.923186302185059,1.0,0.21500980854034424,18.075851440429688,-6.566445350646973,7.112380444596056e-06
2300,7.120700473706165e-08,7.96464204788208,1.0,0.21321123838424683,17.884231567382812,-6.611591815948486,3.851464953186223e-06
2400,6.469679647125304e-06,8.511714935302734,1.0,0.16219750046730042,13.814006805419922,-7.440414905548096,0.00018574630666989833
2500,2.7706939818017418e-06,8.454909324645996,1.0,0.16939175128936768,14.497907638549805,-7.3459296226501465,5.2143936045467854e-05
2600,1.3266503628983628e-06,8.408437728881836,1.0,0.17625898122787476,15.147037506103516,-7.2618818283081055,2.109726301569026e-05
2700,6.346002692225738e-07,8.369097709655762,1.0,0.1860693246126175,15.82526969909668,-7.180947303771973,8.663826520205475e-06
2800,2.9605027407342277e-07,8.340413093566895,1.0,0.19408109784126282,16.50984764099121,-7.109710216522217,3.43289661941526e-06
2900,1.3738208792801743e-07,8.317148208618164,1.0,0.20029430091381073,17.155731201171875,-7.0449419021606445,1.3710684925172245e-06
3000,5.375820677500087e-08,8.28972339630127,1.0,0.20618049800395966,17.690942764282227,-6.985256195068359,5.645163696499367e-07
3100,3.160331019103069e-08,8.183478355407715,1.0,0.20994113385677338,17.922523498535156,-6.851253509521484,3.698160355725122e-07
3200,2.8091831083543184e-08,8.036092758178711,1.0,0.21337474882602692,18.01743507385254,-6.679816246032715,5.937355922469578e-07
3300,2.3349524980176284e-08,7.934847354888916,1.0,0.21746239066123962,18.097944259643555,-6.557962417602539,1.0455206620463287e-06
3400,2.577497859590494e-08,7.885756015777588,1.0,0.2200784683227539,18.168973922729492,-6.496235370635986,1.5935686406010063e-06
3500,1.791940285045257e-08,7.867452621459961,1.0,0.220241978764534,18.235422134399414,-6.468884468078613,3.4406593840685673e-06
3600,4.3042767572387675e-08,7.842071533203125,1.0,0.2225310504436493,18.199613571166992,-6.436115264892578,3.2054274470283417e-06
3700,2.262800990138203e-05,8.745513916015625,1.0,0.15729233622550964,13.283299446105957,-7.6811604499816895,0.002261111978441477
3800,3.040855290237232e-06,8.671732902526855,1.0,0.16971875727176666,14.623336791992188,-7.537775039672852,7.875887968111783e-05
3900,1.4069786402615136e-06,8.623745918273926,1.0,0.18051013350486755,15.234272003173828,-7.452305793762207,2.9022450689808466e-05
4000,6.625834316764667e-07,8.583237648010254,1.0,0.18639633059501648,15.86743450164795,-7.374377727508545,1.173138662124984e-05
4100,3.054624642118142e-07,8.549545288085938,1.0,0.19538913667201996,16.530132293701172,-7.302210330963135,4.74327589472523e-06
4200,1.3372580554005253e-07,8.51948356628418,1.0,0.2029103934764862,17.17656707763672,-7.234598159790039,1.8737775917543331e-06
4300,5.1187949878794825e-08,8.472230911254883,1.0,0.2097776234149933,17.725372314453125,-7.150222301483154,7.769278909108834e-07
4400,3.160331019103069e-08,8.327672004699707,1.0,0.21500980854034424,17.954769134521484,-6.97343635559082,4.7435923988814466e-07
4500,3.3558155365653874e-08,8.100687026977539,1.0,0.21893393993377686,18.022127151489258,-6.718210697174072,4.32283570717118e-07
4600,1.3068493842638418e-08,7.933973789215088,1.0,0.2223675549030304,18.122642517089844,-6.524105072021484,1.3798601230519125e-06
4700,3.449937580057849e-08,7.843695163726807,1.0,0.22596468031406403,18.18059539794922,-6.4182329177856445,1.3480321285896935e-06
4800,1.3140895482877113e-08,7.816722393035889,1.0,0.22743622958660126,18.275781631469727,-6.379977703094482,3.221992983526434e-06
4900,4.192053992824185e-08,7.801767349243164,1.0,0.22776323556900024,18.223838806152344,-6.359962463378906,4.669640020438237e-06
5000,2.6317991341784364e-08,7.7745890617370605,1.0,0.23037932813167572,18.30021095275879,-6.320127010345459,4.073698619322386e-06
5100,2.63541917178145e-08,7.7548747062683105,1.0,0.23152385652065277,18.319583892822266,-6.291257858276367,4.172475655650487e-06
5200,4.271695885904592e-08,7.737790107727051,1.0,0.23430345952510834,18.265789031982422,-6.26637077331543,2.7795028927357635e-06
5300,4.03277056193474e-08,7.748458385467529,1.0,0.23381294310092926,18.27735137939453,-6.278189182281494,6.657002359133912e-06
5400,1.806420613092996e-08,7.732776165008545,1.0,0.23610201478004456,18.375757217407227,-6.244636058807373,4.5122897063265555e-06
5500,3.080689126022662e-08,7.74153470993042,1.0,0.2374100685119629,18.355361938476562,-6.25285530090332,4.2790479710674845e-06
5600,4.014670196283987e-08,7.701026439666748,1.0,0.2374100685119629,18.324583053588867,-6.202034950256348,5.151106506673386e-06
5700,1.3321899139384641e-08,7.708431720733643,1.0,0.23969914019107819,18.424760818481445,-6.20319128036499,6.213786946318578e-06
5800,2.150328271000035e-08,7.686365604400635,1.0,0.23806408047676086,18.412015914916992,-6.171215057373047,6.223077889444539e-06
5900,1.9186430222362105e-08,7.671935081481934,1.0,0.24035316705703735,18.41217613220215,-6.150787830352783,5.269673238217365e-06
6000,4.235495154603086e-08,7.659353256225586,1.0,0.24002614617347717,18.362966537475586,-6.133027076721191,5.1204488045186736e-06
6100,4.680765286479982e-08,7.655008316040039,1.0,0.24247872829437256,18.35338020324707,-6.123571395874023,3.240977321183891e-06
6200,4.8979700295603834e-08,7.647611141204834,1.0,0.24444079399108887,18.353466033935547,-6.106292247772217,3.3796357001847355e-06
6300,1.3647706964547979e-08,7.659374713897705,1.0,0.2434597611427307,18.470008850097656,-6.104259014129639,6.79485719956574e-06
6400,5.8717720463619116e-08,7.639488697052002,1.0,0.24182471632957458,18.333375930786133,-6.080654621124268,4.1896691982401535e-06
6500,6.447365308304143e-08,7.607897758483887,1.0,0.24640287458896637,18.333736419677734,-6.03663444519043,2.9728626032010652e-06
6600,2.324092207572903e-08,7.634130954742432,1.0,0.24689339101314545,18.441938400268555,-6.0593719482421875,4.222354618832469e-06
6700,5.748689346773972e-08,7.630548477172852,1.0,0.24689339101314545,18.331390380859375,-6.053741931915283,5.906955266254954e-06
6800,5.1043148374674274e-08,7.636157512664795,1.0,0.24885545670986176,18.350534439086914,-6.054225921630859,4.0414083741779905e-06
6900,5.180336515309136e-08,7.608777046203613,1.0,0.25114452838897705,18.363237380981445,-6.013771057128906,5.0626044867385644e-06
7000,6.715251288369473e-08,7.615872859954834,1.0,0.25147154927253723,18.33023452758789,-6.020740509033203,3.461993401288055e-06
7100,2.696960699211104e-08,7.622852802276611,1.0,0.25327008962631226,18.455657958984375,-6.012061595916748,5.406853688327828e-06
7200,3.967609174537756e-08,7.610856533050537,1.0,0.25098103284835815,18.425140380859375,-5.996001720428467,6.785013283661101e-06
7300,2.2299701640804415e-08,7.623570442199707,1.0,0.25310659408569336,18.48285675048828,-6.000107765197754,6.264033800107427e-06
7400,2.059826265110587e-08,7.619264125823975,1.0,0.2540876269340515,18.48990249633789,-5.990658760070801,4.990583875041921e-06
7500,2.8671044205452745e-08,7.6075944900512695,1.0,0.25506865978240967,18.46759033203125,-5.97617244720459,5.1578585953393485e-06
7600,3.685243044060371e-08,7.596802234649658,1.0,0.25572267174720764,18.452388763427734,-5.9514079093933105,5.9608009905787185e-06
7700,5.332379870992554e-08,7.603183269500732,1.0,0.257030725479126,18.409013748168945,-5.958022117614746,3.986081082985038e-06
7800,2.298751589080439e-08,7.623419284820557,1.0,0.2571942210197449,18.49314308166504,-5.972805500030518,5.9221456467639655e-06
7900,7.138800839356918e-08,7.5778489112854,1.0,0.2589927911758423,18.372142791748047,-5.918999195098877,3.9115716390369926e-06
8000,7.80489486373881e-08,7.576951503753662,1.0,0.2606278359889984,18.304027557373047,-5.901813507080078,5.422386493592057e-06
8100,6.13965838169861e-08,7.5906453132629395,1.0,0.2612818777561188,18.40845489501953,-5.916623592376709,3.989706783613656e-06
8200,1.6362768917588255e-08,7.6210126876831055,1.0,0.26160889863967896,18.533723831176758,-5.9408464431762695,5.967310244159307e-06
8300,5.115175127912153e-08,7.597200393676758,1.0,0.26144537329673767,18.423585891723633,-5.913808822631836,6.013392976456089e-06
8400,6.277220876427236e-08,7.578261852264404,1.0,0.263407438993454,18.418447494506836,-5.880479335784912,4.673843250202481e-06
8500,4.148613186316652e-08,7.623927593231201,1.0,0.2630804479122162,18.427141189575195,-5.931594371795654,7.976907909323927e-06
8600,3.7142033448844813e-08,7.597980499267578,1.0,0.263407438993454,18.479902267456055,-5.8932905197143555,5.7497527450323105e-06
8700,5.669047453693565e-08,7.586026191711426,1.0,0.2648789882659912,18.439552307128906,-5.871760368347168,5.067439360573189e-06
8800,3.258073277834228e-08,7.598111629486084,1.0,0.26618704199790955,18.505903244018555,-5.871642589569092,5.7346846915606875e-06
8900,3.319614805263882e-08,7.610665798187256,1.0,0.2670045793056488,18.511457443237305,-5.876980304718018,7.158776497817598e-06
9000,5.571305194962406e-08,7.600178241729736,1.0,0.2673315703868866,18.425493240356445,-5.868642330169678,6.248654244700447e-06
9100,3.6381820223141403e-08,7.605947017669678,1.0,0.2668410539627075,18.50000762939453,-5.866239547729492,5.624373443424702e-06
9200,5.336000086231252e-08,7.587347507476807,1.0,0.26880311965942383,18.459251403808594,-5.837332248687744,4.779986738867592e-06
9300,6.284461306904632e-08,7.586637020111084,1.0,0.26814910769462585,18.44455337524414,-5.835630893707275,5.014146609028103e-06
9400,6.298941457316687e-08,7.579648494720459,1.0,0.269784152507782,18.4246883392334,-5.8149518966674805,5.444823273137445e-06
9500,2.4363147943518015e-08,7.620200157165527,1.0,0.27011117339134216,18.555673599243164,-5.850754737854004,7.459013886546018e-06
9600,5.92607314331417e-08,7.584619998931885,1.0,0.27027466893196106,18.462297439575195,-5.809098243713379,4.794926098838914e-06
9700,6.769552385321731e-08,7.583981037139893,1.0,0.27076518535614014,18.424211502075195,-5.811888694763184,5.07591448695166e-06
9800,6.9867574836735e-08,7.591123104095459,1.0,0.2709287106990814,18.401071548461914,-5.812965393066406,5.5680952755210456e-06
9900,4.478040693811636e-08,7.594324111938477,1.0,0.2715827226638794,18.505435943603516,-5.801658630371094,5.611446795228403e-06
10000,4.488900984256361e-08,7.605145454406738,1.0,0.2714192271232605,18.505781173706055,-5.813872814178467,6.7700352701649535e-06
10100,4.1992944233015805e-08,7.600072383880615,1.0,0.27256375551223755,18.52159881591797,-5.797371864318848,5.932306521572173e-06
10200,4.181194057650828e-08,7.6004228591918945,1.0,0.2732177674770355,18.52642822265625,-5.789535999298096,5.957670055067865e-06
10300,5.78126986283678e-08,7.597413539886475,1.0,0.27485284209251404,18.478424072265625,-5.78792667388916,5.624289769912139e-06
10400,3.8010853131709155e-08,7.605569839477539,1.0,0.2756703495979309,18.5376033782959,-5.781457901000977,6.7619489527714904e-06
10500,3.066208975610607e-08,7.604206085205078,1.0,0.27681490778923035,18.563514709472656,-5.77349328994751,6.279210992943263e-06
10600,6.349623049572983e-08,7.594577312469482,1.0,0.2773054242134094,18.46478843688965,-5.762997150421143,5.747632258135127e-06
10700,6.472705393889555e-08,7.61248779296875,1.0,0.2758338749408722,18.424549102783203,-5.783385753631592,5.4667807489749976e-06
10800,4.789367480384499e-08,7.602407455444336,1.0,0.27681490778923035,18.505279541015625,-5.757026672363281,6.958402991585899e-06
10900,5.8717720463619116e-08,7.600421905517578,1.0,0.2782864570617676,18.47747802734375,-5.7490620613098145,5.90956415180699e-06
11000,4.072591508474943e-08,7.60860538482666,1.0,0.27926748991012573,18.550634384155273,-5.747687816619873,7.036878741928376e-06
11100,5.958654014648346e-08,7.60057258605957,1.0,0.27877697348594666,18.492900848388672,-5.737459182739258,6.176926035550423e-06
11200,3.64180188228147e-08,7.640809059143066,1.0,0.28090253472328186,18.55862045288086,-5.77069091796875,9.21314403967699e-06
11300,4.2463554450478114e-08,7.614886283874512,1.0,0.2800849974155426,18.54774284362793,-5.7453460693359375,6.999094239290571e-06
11400,3.804705528409613e-08,7.631099700927734,1.0,0.28090253472328186,18.556520462036133,-5.75166654586792,7.713138984399848e-06
11500,5.071733966133252e-08,7.624704837799072,1.0,0.28122955560684204,18.52022933959961,-5.734553813934326,6.825293894507922e-06
11600,6.038295907728752e-08,7.601393222808838,1.0,0.2822105884552002,18.501604080200195,-5.707981586456299,6.0661609495582525e-06
11700,4.7640270395277184e-08,7.615170478820801,1.0,0.28106603026390076,18.532072067260742,-5.7135233879089355,7.4077224780921824e-06
11800,3.989329400155839e-08,7.616182327270508,1.0,0.28302812576293945,18.569194793701172,-5.711771488189697,7.58950454837759e-06
11900,3.359435396532717e-08,7.62973165512085,1.0,0.2841726541519165,18.591737747192383,-5.723246097564697,9.679589311417658e-06
12000,3.869866915806597e-08,7.622302055358887,1.0,0.28319162130355835,18.579286575317383,-5.706200122833252,6.893741556268651e-06
12100,4.271695885904592e-08,7.6446146965026855,1.0,0.2836821377277374,18.547855377197266,-5.738635063171387,8.91133095137775e-06
12200,3.974849249743784e-08,7.638415336608887,1.0,0.28531718254089355,18.573652267456055,-5.717832088470459,1.0298911547579337e-05
12300,5.097074406990032e-08,7.623213768005371,1.0,0.2861347198486328,18.544864654541016,-5.695495128631592,7.46519162930781e-06
12400,4.514241425113141e-08,7.626569747924805,1.0,0.286461740732193,18.568084716796875,-5.689506530761719,8.02025715529453e-06
12500,5.538724678899598e-08,7.6202006340026855,1.0,0.28727924823760986,18.548927307128906,-5.68247652053833,6.537789886351675e-06
12600,3.822805894060366e-08,7.634300231933594,1.0,0.28695225715637207,18.590839385986328,-5.687901496887207,7.391211056528846e-06
12700,5.154995719180988e-08,7.622710704803467,1.0,0.2885873019695282,18.547256469726562,-5.667540550231934,6.442753601731965e-06
12800,5.36496074232673e-08,7.6253485679626465,1.0,0.28711575269699097,18.542734146118164,-5.665818214416504,6.867752290418139e-06
12900,6.241020145125731e-08,7.6194963455200195,1.0,0.2880967855453491,18.53801918029785,-5.655620098114014,6.726642823196016e-06
13000,5.65818716324884e-08,7.623448848724365,1.0,0.28973183035850525,18.554067611694336,-5.6536760330200195,6.372892585204681e-06
13100,6.034675692490055e-08,7.629051685333252,1.0,0.2902223467826843,18.5391902923584,-5.657366752624512,6.756230504834093e-06
13200,7.214822517198627e-08,7.614372253417969,1.0,0.29005885124206543,18.5025691986084,-5.633223056793213,6.301195753621869e-06
13300,4.579402812510125e-08,7.639917850494385,1.0,0.2907128632068634,18.580184936523438,-5.655912399291992,7.2359221121587325e-06
13400,6.114317585570461e-08,7.634191989898682,1.0,0.2907128632068634,18.53072738647461,-5.642591953277588,7.116637334547704e-06
13500,6.403924146525242e-08,7.6231584548950195,1.0,0.29169389605522156,18.522884368896484,-5.628064155578613,6.96267170496867e-06
13600,4.0834517989196684e-08,7.63250207901001,1.0,0.29136690497398376,18.608564376831055,-5.62778902053833,7.046085102047073e-06
13700,4.8653891582262077e-08,7.635634422302246,1.0,0.2925114333629608,18.58466148376465,-5.623943328857422,7.648285645700525e-06
13800,4.803847986067922e-08,7.640075206756592,1.0,0.2933289706707001,18.595687866210938,-5.6183061599731445,7.016077688604128e-06
13900,5.0138126539422956e-08,7.650439262390137,1.0,0.2931654453277588,18.558067321777344,-5.633212089538574,9.414017767994665e-06
14000,4.217394788952333e-08,7.654733657836914,1.0,0.2912033796310425,18.6191349029541,-5.634728908538818,7.980826012499165e-06
14100,6.69715092271872e-08,7.628154277801514,1.0,0.29398298263549805,18.50893211364746,-5.59982442855835,6.919715815456584e-06
14200,4.307896617206097e-08,7.652903079986572,1.0,0.2951275110244751,18.60968589782715,-5.616189002990723,8.692373739904724e-06
14300,4.8328086421634e-08,7.645111083984375,1.0,0.2949640154838562,18.598283767700195,-5.599807262420654,8.48198942549061e-06
14400,5.448222495374466e-08,7.64560604095459,1.0,0.29610854387283325,18.56963348388672,-5.59969425201416,7.30455394659657e-06
14500,4.883489879148328e-08,7.655925750732422,1.0,0.29398298263549805,18.601808547973633,-5.615726470947266,7.762880159134511e-06
14600,5.299798999658378e-08,7.655519962310791,1.0,0.2948005199432373,18.572816848754883,-5.607640743255615,8.043052730499767e-06
14700,4.166713551967405e-08,7.6748366355896,1.0,0.29414647817611694,18.60744857788086,-5.626686096191406,9.670729923527688e-06
14800,5.723348550645824e-08,7.645040512084961,1.0,0.2975800931453705,18.56680679321289,-5.580239295959473,7.537675173807656e-06
14900,6.762311954844336e-08,7.639278411865234,1.0,0.29578155279159546,18.533527374267578,-5.5702738761901855,7.354227818723302e-06
15000,5.611126141502609e-08,7.650279998779297,1.0,0.2975800931453705,18.550851821899414,-5.56395959854126,9.4298356998479e-06
15100,5.12241520311818e-08,7.667110919952393,1.0,0.29807060956954956,18.59417724609375,-5.586187839508057,8.304562470584642e-06
15200,5.6509470880428125e-08,7.657487869262695,1.0,0.2987246513366699,18.574697494506836,-5.572213172912598,7.905435268185101e-06
15300,5.983994810776494e-08,7.6550493240356445,1.0,0.2972531020641327,18.57098388671875,-5.567746162414551,6.529470738314558e-06
15400,5.2491181179448176e-08,7.660938739776611,1.0,0.2988881468772888,18.601322174072266,-5.563332557678223,8.148136657837313e-06
15500,4.8364285021307296e-08,7.672294616699219,1.0,0.29839763045310974,18.6138858795166,-5.5704169273376465,8.854714906192385e-06
15600,6.096217219919708e-08,7.649622917175293,1.0,0.30003267526626587,18.581207275390625,-5.545280456542969,6.725979801558424e-06
15700,4.887109739115658e-08,7.6647210121154785,1.0,0.301013708114624,18.614145278930664,-5.541219711303711,8.926533155317884e-06
15800,4.934170760861889e-08,7.679559707641602,1.0,0.2988881468772888,18.604290008544922,-5.572950839996338,9.078526090888772e-06
15900,5.4120217640729607e-08,7.6632585525512695,1.0,0.2990516424179077,18.59661293029785,-5.540674209594727,6.8711174208146986e-06
16000,5.332379870992554e-08,7.662863731384277,1.0,0.2993786633014679,18.601903915405273,-5.532769203186035,8.342337423528079e-06
16100,5.154995719180988e-08,7.666568279266357,1.0,0.301013708114624,18.608726501464844,-5.534674644470215,7.874760740378406e-06
16200,5.629226507153362e-08,7.664350509643555,1.0,0.30019620060920715,18.606956481933594,-5.527677536010742,8.69746600073995e-06
16300,5.77765000286945e-08,7.667017936706543,1.0,0.30052319169044495,18.58541488647461,-5.531258583068848,8.173637070285622e-06
16400,5.451842710613164e-08,7.671050548553467,1.0,0.3016677498817444,18.586986541748047,-5.522730827331543,7.67945766710909e-06
16500,4.485280769017663e-08,7.685499668121338,1.0,0.3019947409629822,18.640501022338867,-5.53888463973999,7.740012733847834e-06
16600,5.7414492715679444e-08,7.677724838256836,1.0,0.30052319169044495,18.580774307250977,-5.5330328941345215,9.462730304221623e-06
16700,6.33152268392223e-08,7.664167404174805,1.0,0.3015042245388031,18.57627296447754,-5.5059943199157715,8.358288141607773e-06
16800,5.2201574618493396e-08,7.680121898651123,1.0,0.3033027946949005,18.61648941040039,-5.517251491546631,9.1144493126194e-06
16900,5.455462570580494e-08,7.688052654266357,1.0,0.3031392991542816,18.593425750732422,-5.521707534790039,8.246714969573077e-06
17000,4.937790976100587e-08,7.683567523956299,1.0,0.30264878273010254,18.63907814025879,-5.508133411407471,7.797124453645665e-06
17100,5.2382578275000924e-08,7.685605049133301,1.0,0.3036298155784607,18.6060733795166,-5.5124592781066895,9.471412340644747e-06
17200,4.173953627173432e-08,7.691784381866455,1.0,0.3033027946949005,18.66303253173828,-5.505995750427246,8.707282177056186e-06
17300,4.492520844223691e-08,7.687123775482178,1.0,0.30428382754325867,18.653446197509766,-5.49754524230957,8.101353159872815e-06
17400,5.965894445125741e-08,7.677169322967529,1.0,0.30477434396743774,18.586816787719727,-5.479106903076172,8.813182830635924e-06
17500,5.024672944387021e-08,7.6912431716918945,1.0,0.30297577381134033,18.628820419311523,-5.499505996704102,8.660872481414117e-06
17600,5.3251397957865265e-08,7.694155693054199,1.0,0.3037933111190796,18.63340950012207,-5.496173858642578,7.2989819273061585e-06
17700,5.596645991090554e-08,7.690293788909912,1.0,0.3051013648509979,18.616863250732422,-5.482843399047852,9.01076418813318e-06
17800,5.064493890927224e-08,7.69779109954834,1.0,0.3054283857345581,18.619918823242188,-5.482520580291748,1.0268965525028761e-05
17900,5.0608736756885264e-08,7.689831256866455,1.0,0.3051013648509979,18.63643455505371,-5.474211692810059,7.247149369504768e-06
18000,5.806610658964928e-08,7.682760715484619,1.0,0.30461084842681885,18.60160255432129,-5.468887805938721,8.059459105425049e-06
18100,6.125177520743819e-08,7.686962127685547,1.0,0.3057553768157959,18.60232925415039,-5.461261749267578,9.296312782680616e-06
18200,6.237399929887033e-08,7.7165632247924805,1.0,0.3052648603916168,18.54106903076172,-5.505100250244141,9.637172297516372e-06
18300,6.020195542078e-08,7.684014797210693,1.0,0.30657291412353516,18.60527992248535,-5.448216438293457,7.338399427680997e-06
18400,5.567685334995076e-08,7.692275047302246,1.0,0.30673640966415405,18.63175392150879,-5.454607963562012,8.280890142486896e-06
18500,5.151375859213658e-08,7.702453136444092,1.0,0.306245893239975,18.622833251953125,-5.461383819580078,9.531154319120105e-06
18600,5.4446022801357685e-08,7.696223735809326,1.0,0.3080444633960724,18.643095016479492,-5.440908908843994,8.825537406664807e-06
18700,4.992092073052845e-08,7.7033867835998535,1.0,0.3073904514312744,18.64069175720215,-5.4498701095581055,8.466053259326145e-06
18800,5.524244173216175e-08,7.6997480392456055,1.0,0.3077174425125122,18.642831802368164,-5.438302516937256,8.446570063824765e-06
18900,6.081737069507653e-08,7.7027106285095215,1.0,0.30853497982025146,18.59675407409668,-5.451268672943115,9.248421520169359e-06
19000,6.476325609128253e-08,7.7025251388549805,1.0,0.3077174425125122,18.578428268432617,-5.445982456207275,8.340051863342524e-06
19100,5.90073270245739e-08,7.703621864318848,1.0,0.3078809678554535,18.598756790161133,-5.436240196228027,1.0372958968218882e-05
19200,5.600265851057884e-08,7.702826023101807,1.0,0.3096795082092285,18.63471221923828,-5.428755283355713,8.191417691705283e-06
19300,5.821090809376983e-08,7.700880527496338,1.0,0.3103335499763489,18.620746612548828,-5.415503978729248,8.657692887936719e-06
19400,6.16861868252272e-08,7.705178260803223,1.0,0.31082406640052795,18.61534881591797,-5.4179229736328125,9.117648005485535e-06
19500,5.158615934419686e-08,7.71115779876709,1.0,0.3101700246334076,18.64887809753418,-5.417485237121582,8.646548849355895e-06
19600,6.266360941253879e-08,7.702263832092285,1.0,0.3101700246334076,18.606416702270508,-5.409420013427734,8.012647413124796e-06
19700,6.121558016047857e-08,7.709106922149658,1.0,0.3098430335521698,18.618694305419922,-5.4196929931640625,7.774156074447092e-06
19800,5.448222495374466e-08,7.731643199920654,1.0,0.3095160126686096,18.632179260253906,-5.447266578674316,9.612920621293597e-06
19900,5.795750368520203e-08,7.724249839782715,1.0,0.31066054105758667,18.621423721313477,-5.42955207824707,8.85910412762314e-06
20000,5.307039430135774e-08,7.721737861633301,1.0,0.31066054105758667,18.65386962890625,-5.408956527709961,9.409047379449476e-06
20100,7.272743829389583e-08,7.711063861846924,1.0,0.31115105748176575,18.55311393737793,-5.406067848205566,7.118127086869208e-06
20200,6.164998467284022e-08,7.729894638061523,1.0,0.3093525171279907,18.59212875366211,-5.427481174468994,8.831666491460055e-06
20300,5.2816986340076255e-08,7.7230706214904785,1.0,0.3122956156730652,18.673847198486328,-5.395843029022217,8.410896043642424e-06
20400,5.0029523634975703e-08,7.723706245422363,1.0,0.3124591112136841,18.679180145263672,-5.39323616027832,8.239846465585288e-06
20500,6.19033926341217e-08,7.7264323234558105,1.0,0.31294962763786316,18.611040115356445,-5.4012017250061035,1.0411364200990647e-05
20600,4.9088303200051087e-08,7.737207412719727,1.0,0.3122956156730652,18.686325073242188,-5.400963306427002,9.015962859848514e-06
20700,4.8328086421634e-08,7.7347941398620605,1.0,0.3122956156730652,18.67266273498535,-5.393831729888916,9.789822797756642e-06
20800,3.989329400155839e-08,7.747014045715332,1.0,0.311968594789505,18.71424674987793,-5.408533573150635,9.628701263864059e-06
20900,5.9188330681081425e-08,7.725185394287109,1.0,0.3142576813697815,18.63646697998047,-5.3791704177856445,8.826952580420766e-06
21000,5.524244173216175e-08,7.736614227294922,1.0,0.3122956156730652,18.655052185058594,-5.394739151000977,8.41616201796569e-06
21100,5.690768034583016e-08,7.730611801147461,1.0,0.3157292306423187,18.64746856689453,-5.379964828491211,8.318011168739758e-06
21200,6.067256208552863e-08,7.737253189086914,1.0,0.3140941560268402,18.588708877563477,-5.390219211578369,1.192388117488008e-05
21300,5.567685334995076e-08,7.73721981048584,1.0,0.3160562217235565,18.667247772216797,-5.375523567199707,8.21186404209584e-06
21400,6.476325609128253e-08,7.733974456787109,1.0,0.3160562217235565,18.616167068481445,-5.364011764526367,8.146805157593917e-06
21500,5.1948166657211914e-08,7.736685752868652,1.0,0.31540220975875854,18.673460006713867,-5.356003284454346,9.40265272220131e-06
21600,6.494425974779006e-08,7.730764389038086,1.0,0.3162197470664978,18.618810653686523,-5.354875087738037,8.822018571663648e-06
21700,5.183956375276466e-08,7.744539737701416,1.0,0.31523871421813965,18.68329620361328,-5.367668151855469,9.076850801648106e-06
21800,6.469085178650857e-08,7.7296953201293945,1.0,0.31752777099609375,18.64927101135254,-5.337810516357422,8.014676495804451e-06
21900,5.462702645786521e-08,7.73665189743042,1.0,0.31523871421813965,18.681257247924805,-5.35321044921875,8.927762792154681e-06
22000,6.33876240385689e-08,7.733430862426758,1.0,0.31720077991485596,18.651412963867188,-5.347530364990234,8.899581189325545e-06
22100,5.882632336806637e-08,7.750789642333984,1.0,0.3160562217235565,18.627838134765625,-5.363357067108154,9.520123967377003e-06
22200,5.690768034583016e-08,7.741242408752441,1.0,0.3167102634906769,18.66360855102539,-5.338372707366943,9.109637176152319e-06
22300,5.5785452701684335e-08,7.752436637878418,1.0,0.31752777099609375,18.66394805908203,-5.344083786010742,1.0078678315039724e-05
22400,5.810230518932258e-08,7.7368574142456055,1.0,0.3180182874202728,18.673315048217773,-5.318193435668945,8.943063221522607e-06
22500,5.618366216708637e-08,7.742859840393066,1.0,0.31769129633903503,18.675582885742188,-5.327253818511963,9.04699663806241e-06
22600,6.009334896361906e-08,7.741584777832031,1.0,0.31785479187965393,18.642976760864258,-5.318436622619629,1.0799552001117263e-05
22700,5.292558924452351e-08,7.753273963928223,1.0,0.31736427545547485,18.692386627197266,-5.344202995300293,9.73034093476599e-06
22800,5.241877687467422e-08,7.76692533493042,1.0,0.3180182874202728,18.692569732666016,-5.346705913543701,1.0223355275229551e-05
22900,4.887109739115658e-08,7.757241725921631,1.0,0.318345308303833,18.70156478881836,-5.318826198577881,9.483622307016049e-06
23000,6.302561672555385e-08,7.74940299987793,1.0,0.31916284561157227,18.634376525878906,-5.3252692222595215,8.322212124767248e-06
23100,5.8898724120126644e-08,7.753053188323975,1.0,0.31998035311698914,18.66672134399414,-5.322187900543213,9.695138032839168e-06
23200,5.7848900780754775e-08,7.755997180938721,1.0,0.31948983669281006,18.677125930786133,-5.320853233337402,8.695357792021241e-06
23300,5.629226507153362e-08,7.753345012664795,1.0,0.3204708695411682,18.67747688293457,-5.303084850311279,9.278703146264888e-06
23400,5.462702645786521e-08,7.758205890655518,1.0,0.31998035311698914,18.692899703979492,-5.306092262268066,9.426715223526116e-06
23500,5.792130153281505e-08,7.7624897956848145,1.0,0.3203073740005493,18.669601440429688,-5.315218925476074,9.908648280543275e-06
23600,5.907972777663417e-08,7.758153438568115,1.0,0.32128840684890747,18.662076950073242,-5.2898383140563965,1.1067374543927144e-05
23700,5.3251397957865265e-08,7.766016483306885,1.0,0.3204708695411682,18.699811935424805,-5.307086944580078,9.112138286582194e-06
23800,5.2382578275000924e-08,7.766025543212891,1.0,0.3209613859653473,18.703197479248047,-5.296346664428711,9.667585800343659e-06
23900,6.356862769507643e-08,7.76079797744751,1.0,0.3204708695411682,18.624637603759766,-5.3040771484375,9.483364010520745e-06
24000,5.560444904517681e-08,7.767440319061279,1.0,0.32128840684890747,18.69778060913086,-5.292814254760742,1.0156305506825447e-05
24100,4.8509090078141526e-08,7.772632598876953,1.0,0.32145190238952637,18.725969314575195,-5.289823532104492,1.0223701792710926e-05
24200,5.976754380299099e-08,7.751132488250732,1.0,0.3225964605808258,18.666418075561523,-5.270614147186279,8.949580660555512e-06
24300,6.505286620495099e-08,7.7506842613220215,1.0,0.3230869770050049,18.68341636657715,-5.263727188110352,8.666052963235416e-06
24400,5.303419214897076e-08,7.772790908813477,1.0,0.32128840684890747,18.706838607788086,-5.289245128631592,9.311055691796355e-06
24500,6.454605028238802e-08,7.758907794952393,1.0,0.32128840684890747,18.666196823120117,-5.268243312835693,8.23645132186357e-06
24600,5.759549637218697e-08,7.765423774719238,1.0,0.3227599561214447,18.66823387145996,-5.273303985595703,9.300513738708105e-06
24700,5.158615934419686e-08,7.7706146240234375,1.0,0.3225964605808258,18.72079086303711,-5.26273250579834,8.948852155299392e-06
24800,6.233780425191071e-08,7.760519504547119,1.0,0.32357749342918396,18.664791107177734,-5.247092247009277,9.513800250715576e-06
24900,5.7559294219799995e-08,7.764581203460693,1.0,0.3230869770050049,18.682321548461914,-5.257546424865723,9.786221198737621e-06
25000,4.9269306856558615e-08,7.780093193054199,1.0,0.3229234516620636,18.730148315429688,-5.2685651779174805,9.455407962377649e-06
25100,5.8138507341709555e-08,7.779904365539551,1.0,0.3224329352378845,18.691831588745117,-5.269920349121094,9.315698662248906e-06
25200,6.82385348227399e-08,7.759632110595703,1.0,0.3230869770050049,18.654163360595703,-5.243618488311768,8.610360964667052e-06
25300,6.302561672555385e-08,7.771395683288574,1.0,0.32374098896980286,18.648035049438477,-5.255141735076904,9.771532859303989e-06
25400,6.378583350397093e-08,7.761844158172607,1.0,0.3250490427017212,18.690250396728516,-5.233274459838867,9.686274097475689e-06
25500,6.414784081698599e-08,7.773733615875244,1.0,0.3232504725456238,18.656694412231445,-5.242336273193359,9.706690434541088e-06
25600,6.313422318271478e-08,7.780322551727295,1.0,0.3245585262775421,18.669334411621094,-5.246882915496826,9.976876754080877e-06
25700,5.774029787630752e-08,7.777966499328613,1.0,0.32537606358528137,18.703380584716797,-5.237547397613525,9.08858964976389e-06
25800,5.419261839278988e-08,7.773597240447998,1.0,0.3252125382423401,18.722318649291992,-5.223580837249756,9.210628377331886e-06
25900,5.3106592901031036e-08,7.786497592926025,1.0,0.3245585262775421,18.719717025756836,-5.2325358390808105,1.0346168892283458e-05
26000,7.623891207231281e-08,7.760671138763428,1.0,0.32439500093460083,18.611339569091797,-5.217925071716309,8.719613106222823e-06
26100,5.0282931596257185e-08,7.790383338928223,1.0,0.3250490427017212,18.729951858520508,-5.232742786407471,9.88723877526354e-06
26200,5.299798999658378e-08,7.793217182159424,1.0,0.32586658000946045,18.704843521118164,-5.240283966064453,1.0895991181314457e-05
26300,4.916070395211136e-08,7.800752639770508,1.0,0.32439500093460083,18.72838020324707,-5.242335319519043,9.852899893303402e-06
26400,5.92607314331417e-08,7.785365581512451,1.0,0.32406800985336304,18.694658279418945,-5.232119083404541,9.138307177636307e-06
26500,5.571305194962406e-08,7.790041446685791,1.0,0.32537606358528137,18.693544387817383,-5.205418109893799,9.836127901508007e-06
26600,4.861769298258878e-08,7.798135280609131,1.0,0.324722021818161,18.7598876953125,-5.227869987487793,9.912326277117245e-06
26700,5.745069131535274e-08,7.7881951332092285,1.0,0.32619357109069824,18.70917510986328,-5.209797382354736,1.0046604984381702e-05
26800,6.519766770907154e-08,7.7838544845581055,1.0,0.32603007555007935,18.660608291625977,-5.214470386505127,9.7354241006542e-06
26900,6.259120510776484e-08,7.7740373611450195,1.0,0.32619357109069824,18.69951820373535,-5.188187122344971,7.985360753082205e-06
27000,5.9333135737915654e-08,7.782126426696777,1.0,0.3275016248226166,18.716108322143555,-5.17761754989624,9.11821007321123e-06
27100,5.78126986283678e-08,7.778909206390381,1.0,0.32619357109069824,18.715436935424805,-5.185100078582764,8.999645615404006e-06
27200,4.44545982247746e-08,7.811212539672852,1.0,0.32619357109069824,18.761863708496094,-5.221590042114258,1.0641701919666957e-05
27300,5.835571315060406e-08,7.779730319976807,1.0,0.3275016248226166,18.74054718017578,-5.175480365753174,1.0005182957684156e-05
27400,5.350480236643307e-08,7.793281555175781,1.0,0.3265205919742584,18.745567321777344,-5.183541774749756,9.781992048374377e-06
27500,5.589405560613159e-08,7.7907633781433105,1.0,0.32619357109069824,18.72047996520996,-5.180110931396484,9.929428415489383e-06
27600,6.259120510776484e-08,7.7767415046691895,1.0,0.3271746039390564,18.710235595703125,-5.162039756774902,9.828871043282561e-06
27700,6.729731438781528e-08,7.772158622741699,1.0,0.32831916213035583,18.664892196655273,-5.146141052246094,1.0101088264491409e-05
27800,4.959511556990037e-08,7.806346893310547,1.0,0.32619357109069824,18.757144927978516,-5.181031703948975,1.1210222510271706e-05
27900,6.454605028238802e-08,7.783810615539551,1.0,0.32799214124679565,18.704120635986328,-5.155138969421387,1.025839173962595e-05
28000,5.093454547022702e-08,7.8023295402526855,1.0,0.32619357109069824,18.75174903869629,-5.177539825439453,1.0654689504008275e-05
28100,7.258262968434792e-08,7.77199649810791,1.0,0.32815563678741455,18.6433162689209,-5.133424282073975,8.525426892447285e-06
28200,7.091739462339319e-08,7.770997524261475,1.0,0.3288096785545349,18.685848236083984,-5.127475261688232,9.715250598674174e-06
28300,5.7088684002337686e-08,7.785385608673096,1.0,0.32864615321159363,18.74454116821289,-5.143110752105713,8.968506335804705e-06
28400,5.469943076263917e-08,7.794203281402588,1.0,0.32603007555007935,18.752731323242188,-5.147496700286865,9.970215614885092e-06
28500,6.443745093065445e-08,7.780226707458496,1.0,0.3276651203632355,18.713403701782227,-5.12986421585083,9.397313078807201e-06
28600,5.5351044636609004e-08,7.796749591827393,1.0,0.3288096785545349,18.74397850036621,-5.140640735626221,9.303981642005965e-06
28700,6.237399929887033e-08,7.803264617919922,1.0,0.3275016248226166,18.679912567138672,-5.160549640655518,9.67578944255365e-06
28800,5.7124886154724663e-08,7.79458475112915,1.0,0.3296271860599518,18.746896743774414,-5.125879764556885,9.065851372724865e-06
28900,5.965894445125741e-08,7.795177459716797,1.0,0.32848265767097473,18.727231979370117,-5.1306023597717285,9.490494448982645e-06
29000,6.574067867859412e-08,7.787149429321289,1.0,0.3291366696357727,18.690528869628906,-5.122316837310791,1.0358093277318403e-05
29100,5.506143807565422e-08,7.798239231109619,1.0,0.3289731740951538,18.755163192749023,-5.122889995574951,9.587573003955185e-06
29200,5.2672184835955704e-08,7.8145222663879395,1.0,0.3276651203632355,18.75135612487793,-5.140315055847168,1.067309312929865e-05
29300,6.179479328238813e-08,7.794111251831055,1.0,0.3288096785545349,18.714052200317383,-5.10669469833374,9.912484529195353e-06
29400,5.5495846140729554e-08,7.802849769592285,1.0,0.32782864570617676,18.763530731201172,-5.113595485687256,8.97668087418424e-06
29500,6.226539994713676e-08,7.790498733520508,1.0,0.3294636905193329,18.723493576049805,-5.108231544494629,9.475843398831785e-06
29600,5.987614315472456e-08,7.806644439697266,1.0,0.32831916213035583,18.703712463378906,-5.113497734069824,1.1810092473751865e-05
29700,5.017432869180993e-08,7.8025383949279785,1.0,0.33028122782707214,18.787391662597656,-5.110832691192627,1.0507917977520265e-05
29800,5.307039430135774e-08,7.8026123046875,1.0,0.32799214124679565,18.760913848876953,-5.105960369110107,9.895248695102055e-06
29900,4.923310470417164e-08,7.803967475891113,1.0,0.3291366696357727,18.788246154785156,-5.091603755950928,9.717836292111315e-06
30000,4.9088303200051087e-08,7.837123394012451,1.0,0.3288096785545349,18.737821578979492,-5.14454460144043,1.3241956366982777e-05
30100,5.2092971714046143e-08,7.806341648101807,1.0,0.33060821890830994,18.769237518310547,-5.096424102783203,9.851813956629485e-06
30200,6.023815757316697e-08,7.803257465362549,1.0,0.33044472336769104,18.742170333862305,-5.101149559020996,9.117251465795562e-06
30300,7.138800839356918e-08,7.776134490966797,1.0,0.3294636905193329,18.68616485595703,-5.061749458312988,9.010360372485593e-06
30400,7.153280989768973e-08,7.786520481109619,1.0,0.33011770248413086,18.69251823425293,-5.066788196563721,1.0039521839644294e-05
30500,5.78126986283678e-08,7.797361850738525,1.0,0.3317527770996094,18.74701499938965,-5.077348709106445,9.298091754317284e-06
30600,6.110697370331764e-08,7.796197891235352,1.0,0.32979071140289307,18.7545223236084,-5.068070888519287,9.902613783197012e-06
30700,5.538724678899598e-08,7.807816982269287,1.0,0.3312622606754303,18.77326202392578,-5.0733184814453125,9.34499257709831e-06
30800,5.585785700645829e-08,7.804226398468018,1.0,0.33060821890830994,18.76934051513672,-5.067252159118652,9.841754035733175e-06
30900,6.40754436176394e-08,7.810786247253418,1.0,0.3307717442512512,18.721879959106445,-5.080715179443359,1.0308703167538624e-05
31000,5.5314842484222027e-08,7.813003063201904,1.0,0.33044472336769104,18.75967025756836,-5.065056800842285,9.847321052802727e-06
31100,5.314279505341801e-08,7.80510139465332,1.0,0.331098735332489,18.783447265625,-5.049339294433594,1.0454295988893136e-05
31200,6.574067867859412e-08,7.791416645050049,1.0,0.3312622606754303,18.72052001953125,-5.045374393463135,9.218482773576397e-06
31300,5.63284672239206e-08,7.807290077209473,1.0,0.33224329352378845,18.766910552978516,-5.04395866394043,1.032670661516022e-05
31400,6.96503690278405e-08,7.789430618286133,1.0,0.33207976818084717,18.70526695251465,-5.033256530761719,9.371869055030402e-06
31500,6.99399720360816e-08,7.793896198272705,1.0,0.33191627264022827,18.718162536621094,-5.032757759094238,9.2439795480459e-06
31600,4.742306458638268e-08,7.825795650482178,1.0,0.33191627264022827,18.815332412719727,-5.05264139175415,1.008696108328877e-05
31700,6.374963135158396e-08,7.802323818206787,1.0,0.3309352397918701,18.727994918823242,-5.033927917480469,1.0791089152917266e-05
31800,5.10069462222873e-08,7.814060211181641,1.0,0.33224329352378845,18.799474716186523,-5.047561168670654,1.0169190318265464e-05
31900,4.930550900894559e-08,7.8240790367126465,1.0,0.3312622606754303,18.8057861328125,-5.041496753692627,9.97865845420165e-06
32000,5.4011614736282354e-08,7.811933994293213,1.0,0.33224329352378845,18.766921997070312,-5.027174472808838,9.344030331703834e-06
32100,6.096217219919708e-08,7.796710014343262,1.0,0.3330608010292053,18.753314971923828,-5.011948585510254,9.182916983263567e-06
32200,5.422882054517686e-08,7.813450336456299,1.0,0.33224329352378845,18.783109664916992,-5.024979591369629,9.530809620628133e-06
32300,7.008477354020215e-08,7.796689033508301,1.0,0.33191627264022827,18.72032928466797,-5.014455318450928,9.050770131580066e-06
32400,5.589405560613159e-08,7.817935466766357,1.0,0.33502286672592163,18.77534294128418,-5.026825428009033,1.0697042853280436e-05
32500,5.440982420168439e-08,7.813766956329346,1.0,0.3328973054885864,18.804534912109375,-5.017622470855713,1.0549181752139702e-05
32600,4.720586233020185e-08,7.82442569732666,1.0,0.3337148427963257,18.82154083251953,-5.026978969573975,9.815341400098987e-06
32700,6.197579693889566e-08,7.796846389770508,1.0,0.3340418338775635,18.759206771850586,-4.9930267333984375,9.4582555902889e-06
32800,6.364103199985038e-08,7.801180839538574,1.0,0.33420535922050476,18.74401092529297,-4.992241382598877,9.568694622430485e-06
32900,7.236543098088077e-08,7.799757480621338,1.0,0.33240678906440735,18.68936538696289,-4.998913288116455,9.710290214570705e-06
33000,5.158615934419686e-08,7.811797618865967,1.0,0.3328973054885864,18.8053035736084,-4.990543365478516,1.202790008392185e-05
33100,5.618366216708637e-08,7.80230712890625,1.0,0.3340418338775635,18.801036834716797,-4.982637405395508,1.037155288940994e-05
33200,6.31704182296744e-08,7.801003932952881,1.0,0.33469587564468384,18.748523712158203,-4.977276802062988,9.496276106801815e-06
33300,6.175859113000115e-08,7.806576728820801,1.0,0.3330608010292053,18.773544311523438,-4.989708423614502,9.44606745179044e-06
33400,5.173096440103109e-08,7.81458854675293,1.0,0.33453235030174255,18.802906036376953,-4.986445903778076,1.0120896149601322e-05
33500,5.911592992902115e-08,7.809706211090088,1.0,0.3333878219127655,18.77340316772461,-4.980051517486572,1.112960308091715e-05
33600,5.8898724120126644e-08,7.811094760894775,1.0,0.33436885476112366,18.795164108276367,-4.974279403686523,9.619504453439731e-06
33700,5.0572538157211966e-08,7.812524795532227,1.0,0.3338783383369446,18.807518005371094,-4.968748092651367,9.490426236880012e-06
33800,5.1911968057538616e-08,7.819313049316406,1.0,0.3360038995742798,18.8011531829834,-4.9811882972717285,9.824579137784895e-06
33900,4.727826308226213e-08,7.826291084289551,1.0,0.3338783383369446,18.817317962646484,-4.9709320068359375,1.19100404845085e-05
34000,5.234637612261395e-08,7.821908473968506,1.0,0.33436885476112366,18.809589385986328,-4.966259479522705,1.1072160305047873e-05
34100,5.589405560613159e-08,7.812201023101807,1.0,0.33502286672592163,18.802104949951172,-4.955712795257568,9.689853868621867e-06
34200,4.648184415145806e-08,7.833449840545654,1.0,0.3355133831501007,18.830581665039062,-4.973226070404053,1.1532995813468006e-05
34300,5.7559294219799995e-08,7.815239429473877,1.0,0.33649441599845886,18.796611785888672,-4.9507832527160645,9.546465662424453e-06
34400,5.915212852869445e-08,7.8076090812683105,1.0,0.33649441599845886,18.78464698791504,-4.941817283630371,1.0059543456009123e-05
34500,5.5459647541056256e-08,7.814830780029297,1.0,0.3358404040336609,18.81475830078125,-4.954722881317139,1.0102195119543467e-05
34600,6.230160209952373e-08,7.804119110107422,1.0,0.335676908493042,18.784317016601562,-4.934736251831055,9.349595529783983e-06
34700,6.121558016047857e-08,7.804315090179443,1.0,0.33649441599845886,18.76897430419922,-4.935788154602051,1.0604626368149184e-05
34800,6.342382619095588e-08,7.803194999694824,1.0,0.33649441599845886,18.774377822875977,-4.922337055206299,1.0616093277349137e-05
34900,4.756786964321691e-08,7.827513694763184,1.0,0.3379659652709961,18.84056854248047,-4.941555976867676,1.0834764907485805e-05
35000,6.69715092271872e-08,7.806689262390137,1.0,0.3378024697303772,18.745908737182617,-4.931185245513916,1.0522096999920905e-05
35100,6.284461306904632e-08,7.809024333953857,1.0,0.33502286672592163,18.78107452392578,-4.918378829956055,1.1014755727956071e-05
35200,5.687147819344318e-08,7.816497802734375,1.0,0.33682143688201904,18.79368019104004,-4.92490291595459,9.381447853229474e-06
35300,7.185861505831781e-08,7.791862964630127,1.0,0.3371484577655792,18.727731704711914,-4.902707099914551,8.936776794143952e-06
35400,5.448222495374466e-08,7.834129810333252,1.0,0.33616742491722107,18.773906707763672,-4.932018756866455,1.2577607776620425e-05
35500,6.31704182296744e-08,7.800985813140869,1.0,0.33649441599845886,18.78961753845215,-4.9028496742248535,9.18354453460779e-06
35600,5.857291540678489e-08,7.8165283203125,1.0,0.33698493242263794,18.796480178833008,-4.914611339569092,1.0876998203457333e-05
35700,6.588548018271467e-08,7.799612998962402,1.0,0.33845648169517517,18.78850746154785,-4.898894309997559,9.778057574294508e-06
35800,5.596645991090554e-08,7.8076887130737305,1.0,0.3376389741897583,18.810415267944336,-4.902588367462158,1.0402847692603245e-05
35900,6.907115590593094e-08,7.7924675941467285,1.0,0.3371484577655792,18.729915618896484,-4.870699882507324,9.698864232632332e-06
36000,5.571305194962406e-08,7.822752475738525,1.0,0.3382929861545563,18.78597068786621,-4.913041591644287,1.1590714166231919e-05
36100,4.8690093734649054e-08,7.826769828796387,1.0,0.33878350257873535,18.855085372924805,-4.894877910614014,1.0815338100655936e-05
36200,6.816613051796594e-08,7.790670871734619,1.0,0.3382929861545563,18.779600143432617,-4.871566295623779,1.0075184945890214e-05
36300,6.031055477251357e-08,7.810454368591309,1.0,0.33878350257873535,18.79610824584961,-4.889041900634766,1.1168785931658931e-05
36400,6.023815757316697e-08,7.809876441955566,1.0,0.33911052346229553,18.801240921020508,-4.877659320831299,9.900962140818592e-06
36500,4.680765286479982e-08,7.823575019836426,1.0,0.33845648169517517,18.86548614501953,-4.885072708129883,1.0542525160417426e-05
36600,5.2382578275000924e-08,7.819962501525879,1.0,0.33845648169517517,18.852825164794922,-4.882256507873535,1.128489020629786e-05
36700,5.263598268356873e-08,7.823367595672607,1.0,0.33927401900291443,18.803936004638672,-4.886439323425293,1.1989180165983271e-05
36800,6.146898101633269e-08,7.802336692810059,1.0,0.3400915563106537,18.80331802368164,-4.860061168670654,1.0853330422833096e-05
36900,5.12603506308551e-08,7.8171868324279785,1.0,0.33878350257873535,18.850183486938477,-4.861114025115967,1.0100750841957051e-05
37000,6.154138532110665e-08,7.815766334533691,1.0,0.3394375145435333,18.806947708129883,-4.865407466888428,9.97548340819776e-06
37100,6.592168233510165e-08,7.80785608291626,1.0,0.3381294906139374,18.77731704711914,-4.854639053344727,1.0919868145720102e-05
37200,5.3722008175327574e-08,7.832913875579834,1.0,0.3379659652709961,18.807920455932617,-4.87102746963501,1.1564633496163879e-05
37300,7.269123614150885e-08,7.795583724975586,1.0,0.3382929861545563,18.729490280151367,-4.831757545471191,1.1105362318630796e-05
37400,5.3685806022940596e-08,7.825984001159668,1.0,0.3394375145435333,18.826387405395508,-4.859694957733154,1.1592667760851327e-05
37500,6.150518316871967e-08,7.8118109703063965,1.0,0.3382929861545563,18.806324005126953,-4.847422122955322,1.0482972356840037e-05
37600,5.723348550645824e-08,7.810024261474609,1.0,0.3394375145435333,18.828304290771484,-4.843128204345703,1.0832190127985086e-05
37700,5.12603506308551e-08,7.819568634033203,1.0,0.33927401900291443,18.851287841796875,-4.8531813621521,1.1003422514477279e-05
37800,6.469085178650857e-08,7.806687831878662,1.0,0.3399280309677124,18.795059204101562,-4.829550266265869,1.0767769708763808e-05
37900,4.6011233933995754e-08,7.838835716247559,1.0,0.3397645354270935,18.880197525024414,-4.846492767333984,1.2140110811742488e-05
38000,6.052776058140807e-08,7.804553508758545,1.0,0.3397645354270935,18.821374893188477,-4.825891971588135,1.0068644769489765e-05
38100,5.397541258389538e-08,7.819031238555908,1.0,0.33927401900291443,18.858821868896484,-4.833651542663574,1.0297146218363196e-05
38200,4.268076025937262e-08,7.847695827484131,1.0,0.33927401900291443,18.891460418701172,-4.84885311126709,1.296892423852114e-05
38300,6.230160209952373e-08,7.809807300567627,1.0,0.34074556827545166,18.79865264892578,-4.823331832885742,1.0493199624761473e-05
38400,5.2382578275000924e-08,7.824587821960449,1.0,0.3404185473918915,18.834917068481445,-4.826805114746094,1.228946348419413e-05
38500,7.091739462339319e-08,7.7901291847229,1.0,0.3402550518512726,18.76723861694336,-4.802403450012207,1.0959901374008041e-05
38600,6.447365308304143e-08,7.803823947906494,1.0,0.34058207273483276,18.798118591308594,-4.805568218231201,9.88626925391145e-06
38700,4.514241425113141e-08,7.827634334564209,1.0,0.34058207273483276,18.905519485473633,-4.814260005950928,1.1953102330153342e-05
38800,6.914355310527753e-08,7.794980525970459,1.0,0.3400915563106537,18.78615379333496,-4.784598350524902,1.0132513125427067e-05
38900,4.966751632196065e-08,7.827295780181885,1.0,0.3402550518512726,18.86660385131836,-4.814544677734375,1.1108543731097598e-05
39000,6.527006490841814e-08,7.797813415527344,1.0,0.3400915563106537,18.801528930664062,-4.7854390144348145,9.297605174651835e-06
39100,4.478040693811636e-08,7.826606273651123,1.0,0.3397645354270935,18.895139694213867,-4.8069682121276855,1.2180593330413103e-05
39200,6.33152268392223e-08,7.803247451782227,1.0,0.3404185473918915,18.82638168334961,-4.781433582305908,1.0551934792601969e-05
39300,6.418404296937297e-08,7.804439544677734,1.0,0.3402550518512726,18.8017578125,-4.7800469398498535,9.572335329721682e-06
39400,5.973134165060401e-08,7.8126020431518555,1.0,0.3404185473918915,18.818193435668945,-4.786013126373291,9.62877857091371e-06
39500,5.3830611079774826e-08,7.816020488739014,1.0,0.3402550518512726,18.8627872467041,-4.780412673950195,1.114725000661565e-05
39600,6.512526340429758e-08,7.796551704406738,1.0,0.3404185473918915,18.805194854736328,-4.757164478302002,9.65451545198448e-06
39700,5.093454547022702e-08,7.82156229019165,1.0,0.3400915563106537,18.870147705078125,-4.777437210083008,1.1319595614622813e-05
39800,7.167761140181028e-08,7.800749778747559,1.0,0.34074556827545166,18.756080627441406,-4.759337902069092,8.968268957687542e-06
39900,6.425644727414692e-08,7.809037685394287,1.0,0.34090906381607056,18.801971435546875,-4.774545669555664,1.0190278771915473e-05
40000,6.19033926341217e-08,7.8040852546691895,1.0,0.34107258915901184,18.8299617767334,-4.759507179260254,1.1379225725249853e-05
40100,5.136895353530235e-08,7.82991886138916,1.0,0.3415631055831909,18.842254638671875,-4.77590274810791,1.1759082553908229e-05
40200,5.180336515309136e-08,7.823898792266846,1.0,0.3404185473918915,18.87114906311035,-4.762271404266357,9.913983376463875e-06
40300,4.988472213085515e-08,7.819308280944824,1.0,0.34090906381607056,18.87627410888672,-4.760580539703369,1.1662532415357418e-05
40400,5.893492627251362e-08,7.802248477935791,1.0,0.3415631055831909,18.853246688842773,-4.7522149085998535,1.0606946489133406e-05
40500,5.8609117559171864e-08,7.813192367553711,1.0,0.34090906381607056,18.8496150970459,-4.7547831535339355,1.030450493999524e-05
40600,6.114317585570461e-08,7.809136867523193,1.0,0.3418900966644287,18.814956665039062,-4.7436394691467285,1.1836625162686687e-05
40700,6.012955111600604e-08,7.801839351654053,1.0,0.34123608469963074,18.84449005126953,-4.731282711029053,1.1174413884873502e-05
40800,4.4997609194297183e-08,7.825833797454834,1.0,0.3404185473918915,18.910551071166992,-4.752265453338623,1.1096401067334227e-05
40900,6.382203565635791e-08,7.803783893585205,1.0,0.3415631055831909,18.834218978881836,-4.723395824432373,9.170084013021551e-06
41000,5.36496074232673e-08,7.814349174499512,1.0,0.34123608469963074,18.881458282470703,-4.738462448120117,1.0666011803550646e-05
41100,6.161378252045324e-08,7.798235893249512,1.0,0.3415631055831909,18.855680465698242,-4.709636211395264,9.909565960697364e-06
41200,5.4156416240402905e-08,7.821043014526367,1.0,0.3425441384315491,18.838172912597656,-4.734612941741943,1.2733854418911505e-05
41300,5.5640651197563784e-08,7.812587738037109,1.0,0.34139958024024963,18.857086181640625,-4.725823402404785,1.0160576493944973e-05
41400,5.7704095723920545e-08,7.825382232666016,1.0,0.3422171175479889,18.795583724975586,-4.743722915649414,1.2935635822941549e-05
41500,6.59940866398756e-08,7.794899940490723,1.0,0.3418900966644287,18.822513580322266,-4.696290493011475,9.69693974184338e-06
41600,5.0572538157211966e-08,7.825206756591797,1.0,0.34205362200737,18.867887496948242,-4.728324890136719,1.2682266060437541e-05
41700,5.1911968057538616e-08,7.8101372718811035,1.0,0.34139958024024963,18.891254425048828,-4.705681324005127,1.063267973222537e-05
41800,5.7993702284875326e-08,7.795898914337158,1.0,0.3422171175479889,18.867794036865234,-4.689332962036133,1.0673541510186624e-05
41900,6.878154579226248e-08,7.787291526794434,1.0,0.34270763397216797,18.82529640197754,-4.678614139556885,9.762329682416748e-06
42000,6.548727071731264e-08,7.801041126251221,1.0,0.3417266011238098,18.81169319152832,-4.686059951782227,9.954002962331288e-06
42100,5.187576590515164e-08,7.822722911834717,1.0,0.34139958024024963,18.871013641357422,-4.6994547843933105,1.1514563084347174e-05
42200,5.7559294219799995e-08,7.810821056365967,1.0,0.34205362200737,18.857797622680664,-4.681623935699463,9.828842848946806e-06
42300,5.723348550645824e-08,7.809158802032471,1.0,0.34303465485572815,18.842988967895508,-4.675010681152344,1.068634901457699e-05
42400,5.611126141502609e-08,7.808239936828613,1.0,0.34123608469963074,18.880016326904297,-4.688474655151367,1.1192011697858106e-05
42500,8.380488480952408e-08,7.773659706115723,1.0,0.34205362200737,18.704158782958984,-4.664517879486084,9.7071069831145e-06
42600,5.90073270245739e-08,7.799401760101318,1.0,0.3425441384315491,18.865394592285156,-4.670734882354736,1.0090409887197893e-05
42700,7.247403033261435e-08,7.77821683883667,1.0,0.3423806130886078,18.8248291015625,-4.644645690917969,9.868374945654068e-06
42800,5.50976402280412e-08,7.814713478088379,1.0,0.34058207273483276,18.882850646972656,-4.675926685333252,9.974220120056998e-06
42900,7.689052239356897e-08,7.772034168243408,1.0,0.3436886668205261,18.779296875,-4.635684490203857,1.0681811545509845e-05
43000,5.716108475439796e-08,7.806387901306152,1.0,0.3422171175479889,18.872817993164062,-4.659482955932617,1.0962969099637121e-05
43100,5.006572578736268e-08,7.814504623413086,1.0,0.34270763397216797,18.91720199584961,-4.65919303894043,1.0584151823422872e-05
43200,5.907972777663417e-08,7.803186416625977,1.0,0.34270763397216797,18.850807189941406,-4.654583930969238,1.1812991942861117e-05
43300,6.143277886394571e-08,7.802355766296387,1.0,0.34270763397216797,18.854631423950195,-4.663842678070068,1.099592282116646e-05
43400,5.3541004518820046e-08,7.8072733879089355,1.0,0.34287112951278687,18.891273498535156,-4.647514820098877,1.0701164683268871e-05
43500,6.541487351796604e-08,7.78560209274292,1.0,0.34336164593696594,18.84727668762207,-4.625241279602051,1.024168432195438e-05
43600,5.6654272384548676e-08,7.805615425109863,1.0,0.3436886668205261,18.87111473083496,-4.6432785987854,1.2361851077002939e-05
43700,5.567685334995076e-08,7.809117317199707,1.0,0.343852162361145,18.880090713500977,-4.638700008392334,1.0580252819636371e-05
43800,5.8138507341709555e-08,7.809513568878174,1.0,0.34336164593696594,18.870532989501953,-4.6369404792785645,1.1494602404127363e-05
43900,5.7088684002337686e-08,7.8060736656188965,1.0,0.34336164593696594,18.878076553344727,-4.63497257232666,1.1240093954256736e-05
44000,5.567685334995076e-08,7.817115783691406,1.0,0.3440156877040863,18.87060546875,-4.635862827301025,1.2845343007938936e-05
44100,5.987614315472456e-08,7.793433666229248,1.0,0.3436886668205261,18.88092613220215,-4.614954948425293,1.0387250767962541e-05
44200,5.929693358552868e-08,7.803274631500244,1.0,0.3445062041282654,18.88286781311035,-4.6131134033203125,1.0412990377517417e-05
44300,7.153280989768973e-08,7.780792713165283,1.0,0.3441791832447052,18.822086334228516,-4.597865581512451,1.0929899872280657e-05
44400,6.031055477251357e-08,7.804847240447998,1.0,0.34303465485572815,18.826244354248047,-4.623241901397705,1.2632080142793711e-05
44500,4.995712288291543e-08,7.806756019592285,1.0,0.3436886668205261,18.92047119140625,-4.621738433837891,1.079052708519157e-05
44600,6.494425974779006e-08,7.792876720428467,1.0,0.3435251712799072,18.83965301513672,-4.598911762237549,1.0967230991809629e-05
44700,5.788510293314175e-08,7.7969560623168945,1.0,0.3443426787853241,18.89167022705078,-4.598120212554932,1.0538455171626993e-05
44800,6.020195542078e-08,7.794451713562012,1.0,0.3445062041282654,18.879070281982422,-4.599274158477783,1.0674824807210825e-05
44900,5.259978408389543e-08,7.810629367828369,1.0,0.3435251712799072,18.88088607788086,-4.605356693267822,1.1984852790192235e-05
45000,5.63284672239206e-08,7.812633991241455,1.0,0.3435251712799072,18.89349365234375,-4.6127238273620605,1.0169966117246076e-05
45100,5.2708383435629e-08,7.812479019165039,1.0,0.3445062041282654,18.893463134765625,-4.60153865814209,1.2442705155990552e-05
45200,6.418404296937297e-08,7.799533843994141,1.0,0.3436886668205261,18.877607345581055,-4.594115257263184,9.953307198884431e-06
45300,5.7378290563292467e-08,7.808096885681152,1.0,0.3435251712799072,18.851591110229492,-4.60249662399292,1.1962220014538616e-05
45400,6.132417951221214e-08,7.790512561798096,1.0,0.3443426787853241,18.885725021362305,-4.569320201873779,1.0585912605165504e-05
45500,5.886252196773967e-08,7.7947187423706055,1.0,0.3448331952095032,18.88833236694336,-4.577706336975098,1.0212283996224869e-05
45600,5.3722008175327574e-08,7.805653095245361,1.0,0.3443426787853241,18.900968551635742,-4.581474304199219,1.2010645150439814e-05
45700,5.180336515309136e-08,7.816810131072998,1.0,0.3445062041282654,18.90717124938965,-4.593605041503906,1.2607904864125885e-05
45800,6.389443996113187e-08,7.798933506011963,1.0,0.34319815039634705,18.832599639892578,-4.580752849578857,1.1164623174408916e-05
45900,4.756786964321691e-08,7.814891338348389,1.0,0.3443426787853241,18.94268798828125,-4.574531078338623,1.1421872841310687e-05
46000,5.6943878945503457e-08,7.799234390258789,1.0,0.3448331952095032,18.903554916381836,-4.565817832946777,1.2646288269024808e-05
46100,6.117937800809159e-08,7.792423248291016,1.0,0.3443426787853241,18.88292694091797,-4.553048610687256,1.1254475793975871e-05
46200,6.13965838169861e-08,7.8007025718688965,1.0,0.34516021609306335,18.858293533325195,-4.552852153778076,1.0662186468834989e-05
46300,6.04191612296745e-08,7.787415504455566,1.0,0.3445062041282654,18.880878448486328,-4.542704105377197,1.1635767805273645e-05
46400,5.484423226675972e-08,7.804141998291016,1.0,0.3446696996688843,18.90583038330078,-4.558619976043701,1.1644972801150288e-05
46500,5.4156416240402905e-08,7.804089069366455,1.0,0.3446696996688843,18.912227630615234,-4.560767650604248,1.1995505701634102e-05
46600,6.349623049572983e-08,7.787745952606201,1.0,0.3446696996688843,18.861068725585938,-4.538580894470215,1.1667076250887476e-05
46700,6.40754436176394e-08,7.788198947906494,1.0,0.34532374143600464,18.88425636291504,-4.532639503479004,1.122429057431873e-05
46800,6.679050557067967e-08,7.773560047149658,1.0,0.3446696996688843,18.87347984313965,-4.513444423675537,1.1781816283473745e-05
46900,5.9477937242036205e-08,7.802159786224365,1.0,0.34499672055244446,18.86894989013672,-4.533510684967041,1.213640825881157e-05
47000,6.382203565635791e-08,7.785156726837158,1.0,0.3459777534008026,18.866750717163086,-4.514797687530518,1.16972523755976e-05
47100,4.4526998976834875e-08,7.813826084136963,1.0,0.3445062041282654,18.96340560913086,-4.534885883331299,1.0506071703275666e-05
47200,4.959511556990037e-08,7.81197452545166,1.0,0.34565073251724243,18.923173904418945,-4.540497303009033,1.3239302461443003e-05
47300,6.012955111600604e-08,7.788664817810059,1.0,0.34499672055244446,18.86397933959961,-4.516183853149414,1.1074305803049356e-05
47400,7.623891207231281e-08,7.76973295211792,1.0,0.3448331952095032,18.787431716918945,-4.514789581298828,1.1153665582241956e-05
47500,5.5640651197563784e-08,7.8070759773254395,1.0,0.34548723697662354,18.902027130126953,-4.5263261795043945,1.3138035683368798e-05
47600,5.5459647541056256e-08,7.810104846954346,1.0,0.34516021609306335,18.91583824157715,-4.520524978637695,1.1834225006168708e-05
47700,5.9333135737915654e-08,7.7956953048706055,1.0,0.34532374143600464,18.898956298828125,-4.501481533050537,1.1806597285612952e-05
47800,6.21205984430162e-08,7.780219554901123,1.0,0.34516021609306335,18.889806747436523,-4.497838497161865,1.113433336286107e-05
47900,5.4880434419146695e-08,7.811009883880615,1.0,0.34516021609306335,18.911212921142578,-4.509626388549805,9.828835572989192e-06
48000,7.160521420246369e-08,7.791175365447998,1.0,0.34532374143600464,18.834623336791992,-4.499922752380371,1.0496126378711779e-05
48100,6.078116854268956e-08,7.777370452880859,1.0,0.3458142578601837,18.91936492919922,-4.476456642150879,1.0886373274843208e-05
48200,6.143277886394571e-08,7.787100315093994,1.0,0.3459777534008026,18.909408569335938,-4.487559795379639,1.2171277376182843e-05
48300,5.752309206741302e-08,7.802911758422852,1.0,0.3464682698249817,18.891324996948242,-4.498156547546387,1.1233174518565647e-05
48400,5.140515568768933e-08,7.797868251800537,1.0,0.3464682698249817,18.93934440612793,-4.489119529724121,1.1119749615318142e-05
48500,7.106219612751374e-08,7.780044078826904,1.0,0.3459777534008026,18.836606979370117,-4.480306148529053,1.0100413419422694e-05
48600,6.450984813000105e-08,7.78303337097168,1.0,0.34516021609306335,18.88067626953125,-4.470569610595703,1.1127355719509069e-05
48700,5.998474961188549e-08,7.7926812171936035,1.0,0.3458142578601837,18.89168357849121,-4.4759840965271,1.109991626435658e-05
48800,5.078974041339279e-08,7.793548107147217,1.0,0.3459777534008026,18.95212745666504,-4.461389541625977,1.146360591519624e-05
48900,5.835571315060406e-08,7.794500827789307,1.0,0.3458142578601837,18.925350189208984,-4.471823692321777,1.0027992175309919e-05
49000,5.5025235923267246e-08,7.803778171539307,1.0,0.3459777534008026,18.91252899169922,-4.474958419799805,1.1537336831679568e-05
49100,6.574067867859412e-08,7.788244247436523,1.0,0.3461412489414215,18.84110450744629,-4.464929103851318,1.2683118256973103e-05
49200,5.676287528899593e-08,7.794431209564209,1.0,0.34679529070854187,18.921205520629883,-4.458367824554443,1.1014586561941542e-05
49300,5.1948166657211914e-08,7.789522171020508,1.0,0.3459777534008026,18.9647159576416,-4.447027683258057,1.1044521670555696e-05
49400,4.7061057273367624e-08,7.8127031326293945,1.0,0.3463047742843628,18.951017379760742,-4.457131385803223,1.2413768672558945e-05
49500,6.711631073130775e-08,7.780920505523682,1.0,0.3458142578601837,18.849857330322266,-4.448392868041992,1.1944143807340879e-05
49600,6.465465673954895e-08,7.775508880615234,1.0,0.34679529070854187,18.9093017578125,-4.430034637451172,1.1614701179496478e-05
49700,4.8364285021307296e-08,7.810977458953857,1.0,0.3466317653656006,18.970678329467773,-4.461245059967041,1.1792936675192323e-05
49800,5.5025235923267246e-08,7.793763160705566,1.0,0.3463047742843628,18.909223556518555,-4.445632457733154,1.2127550689911004e-05
49900,6.154138532110665e-08,7.774547100067139,1.0,0.34728580713272095,18.916168212890625,-4.421327114105225,1.11835443021846e-05
50000,5.640086797598087e-08,7.805094242095947,1.0,0.3458142578601837,18.902137756347656,-4.446756362915039,1.1937489944102708e-05
